Workbook

Sheet Historias de Usuario
B1: Desarrollo ágil: Historias de usuario y criterios de aceptación
B2: Proyecto CuidaTrack · Product Backlog v2 · 1 de octubre de 2026
C4: Enunciado de la historia | G4: Criterios de aceptación | K4: Planificación | P4: Detalle técnico
B5: Identificador (ID) de la historia | C5: Rol | D5: Característica / Funcionalidad | E5: Razón / Resultado | F5: Número (#) de escenario | G5: Criterio de aceptación (Título) | H5: Contexto | I5: Evento | J5: Resultado / Comportamiento esperado | K5: Épica | L5: Prioridad (MoSCoW) | M5: Puntos | N5: Responsable de desarrollo | O5: Tipo / estado | P5: Criterios técnicos
B6: HU-01 | C6: Como cuidador/a | D6: Necesito crear mi cuenta solo con mi correo y una contraseña | E6: Con la finalidad de empezar a usar la app en pocos minutos. | F6: 1 | G6: Registro exitoso | H6: En caso que el correo no tiene una cuenta en la app | I6: Cuando completo correo y contraseña en la pantalla de registro y confirmo | J6: El sistema crea mi cuenta y me lleva a la pantalla de inicio. | K6: E1 | L6: Must | M6: 3 | N6: Bastián Ñiripil | O6: En backlog | P6: Correo único. Contraseña de al menos 8 caracteres guardada con hash (bcrypt o argon2), nunca en texto plano.
F7: 2 | G7: Correo ya registrado | H7: En caso que el correo ya tiene una cuenta | I7: Cuando intento registrarme con ese correo | J7: El sistema me avisa que el correo ya está en uso y me ofrece recuperar la clave.
F8: 3 | G8: Contraseña muy corta | H8: En caso que la contraseña tiene menos de 8 caracteres | I8: Cuando intento crear la cuenta | J8: El sistema me explica que la contraseña es muy corta y no crea la cuenta.
B10: HU-02 | C10: Como cuidador/a | D10: Necesito entrar a la app desde mi celular sin escribir la clave cada vez, y recuperarla si la olvido | E10: Con la finalidad de anotar en el momento sin trabas. | F10: 1 | G10: Sesión recordada | H10: En caso que ya inicié sesión antes en mi celular | I10: Cuando abro la app | J10: El sistema me lleva directo a la pantalla de inicio sin pedir la clave. | K10: E1 | L10: Must | M10: 5 | N10: Bastián Ñiripil | O10: En backlog | P10: Token con expiración (duración por definir: pregunta abierta). Cerrar sesión invalida el token. Mensaje de error genérico. Enlace de recuperación de un solo uso y con vencimiento.
F11: 2 | G11: Datos incorrectos | H11: En caso que escribo mal mi correo o mi clave | I11: Cuando intento entrar | J11: El sistema muestra un mensaje claro de datos incorrectos, sin indicar cuál de los dos está mal.
F12: 3 | G12: Recuperar la clave | H12: En caso que olvidé mi clave | I12: Cuando pido recuperarla con mi correo | J12: El sistema me envía un correo con un enlace para crear una clave nueva.
F13: 4 | G13: Cerrar sesión | H13: En caso que tengo la sesión abierta | I13: Cuando elijo "Cerrar sesión" en el menú | J13: El sistema cierra la sesión y la próxima vez me pide la clave.
B15: HU-03 | C15: Como cuidador/a principal | D15: Necesito entender en palabras simples qué se hace con los datos de salud de mi familiar antes de ingresarlos | E15: Con la finalidad de decidir con confianza si los anoto en la app. | F15: 1 | G15: Primera vez | H15: En caso que todavía no agrego a mi familiar | I15: Cuando voy a registrarlo/a | J15: El sistema me muestra un texto breve, sin lenguaje legal, que dice qué se guarda, quién lo ve y cómo borrarlo. | K15: E1 | L15: Must | M15: 3 | N15: Bastián Ñiripil | O15: En backlog | P15: Se guardan la fecha, la versión del texto aceptado y la fecha de revocación. Consentimiento expreso para datos de salud, como exige la Ley 21.719 (vigente desde el 1 de diciembre de 2026). El texto debe declarar que se guardan las consultas al asistente (HU-30). Pregunta abierta: los datos son de la persona mayor; definir si el cuidador declara contar con su autorización o ser su representante.
F16: 2 | G16: No acepto el texto | H16: En caso que estoy leyendo el texto | I16: Cuando no lo acepto | J16: El sistema no me deja agregar a mi familiar y me explica por qué.
F17: 3 | G17: Revisar o retirar la aceptación | H17: En caso que ya acepté el texto antes | I17: Cuando entro a la configuración | J17: El sistema me deja volver a leer el texto y retirar mi aceptación.
B19: HU-04 | C19: Como cuidador/a principal | D19: Necesito poder borrar mi cuenta y toda la información de mi familiar cuando deje de cuidarlo/a | E19: Con la finalidad de que esos datos no queden guardados en ninguna parte. | F19: 1 | G19: Pedir el borrado | H19: En caso que quiero dejar de usar la app | I19: Cuando elijo "Borrar mi cuenta" en la configuración | J19: El sistema me explica qué se va a borrar y me pide confirmar dos veces. | K19: E1 | L19: Should | M19: 3 | N19: Bastián Ñiripil | O19: En backlog | P19: Se eliminan o anonimizan todos los registros asociados. Pregunta abierta: qué pasa con el acceso de los cuidadores secundarios cuando el principal borra su cuenta.
F20: 2 | G20: Borrado terminado | H20: En caso que confirmé el borrado | I20: Cuando el proceso termina | J20: El sistema me envía un correo confirmando que la información fue eliminada.
B22: HU-05 | C22: Como cuidador/a principal | D22: Necesito agregar a mi familiar con unos pocos datos (nombre, edad y cuánta ayuda necesita) | E22: Con la finalidad de tener en un solo lugar todo lo de su cuidado. | F22: 1 | G22: Agregar a mi familiar | H22: En caso que acepté el texto sobre el uso de los datos | I22: Cuando completo nombre, fecha de nacimiento y cuánta ayuda necesita | J22: El sistema guarda a mi familiar y lo muestra en la pantalla de inicio. | K22: E2 | L22: Must | M22: 2 | N22: Bastián Ñiripil | O22: En backlog | P22: "Cuánta ayuda necesita" se guarda como lista cerrada (leve, moderada, severa).
F23: 2 | G23: Fecha imposible | H23: En caso que escribo una fecha de nacimiento futura | I23: Cuando intento guardar | J23: El sistema me pide corregir la fecha.
F24: 3 | G24: Elegir cuánta ayuda necesita | H24: En caso que no sé qué opción elegir | I24: Cuando reviso las opciones | J24: El sistema describe cada opción en palabras simples.
B26: HU-06 | C26: Como cuidador/a principal | D26: Necesito invitar a los familiares que me ayudan | E26: Con la finalidad de que ellos también anoten lo que hacen y no tener que estar avisando todo por mensaje. | F26: 1 | G26: Invitar a un familiar | H26: En caso que tengo a mi familiar registrado | I26: Cuando invito a otra persona con su correo | J26: El sistema le envía la invitación y la muestra como pendiente en mi equipo de cuidado. | K26: E2 | L26: Must | M26: 5 | N26: Bastián Ñiripil | O26: En backlog | P26: Invitación por correo con enlace de un solo uso. Relación N:M entre cuidador y persona mayor (ASIGNACION_CUIDADO) con rol principal o secundario.
F27: 2 | G27: Aceptar la invitación | H27: En caso que un familiar recibió la invitación | I27: Cuando la acepta | J27: El sistema le da acceso solo a la persona mayor que le compartí.
F28: 3 | G28: Quitar el acceso | H28: En caso que un familiar ya no ayuda en el cuidado | I28: Cuando le quito el acceso desde mi equipo de cuidado | J28: El sistema deja de mostrarle a mi familiar de inmediato.
B30: HU-07 | C30: Como cuidador/a principal | D30: Necesito estar seguro/a de que solo las personas que yo invité pueden ver la información de mi familiar | E30: Con la finalidad de confiarle a la app datos tan personales. | F30: 1 | G30: Ver quién tiene acceso | H30: En caso que invité a uno o más familiares | I30: Cuando entro a "Equipo de cuidado" | J30: El sistema me muestra exactamente quiénes tienen acceso. | K30: E2 | L30: Must | M30: 3 | N30: Bastián Ñiripil | O30: En backlog | P30: Toda consulta a la API filtra por asignación. Pedir un recurso ajeno responde 403, verificado con una prueba automatizada.
F31: 2 | G31: Intento sin invitación | H31: En caso que alguien sin invitación tiene un enlace a la información de mi familiar | I31: Cuando intenta abrirlo | J31: El sistema no le muestra la información.
B33: HU-38 | C33: Como cuidador/a que termina su turno | D33: Necesito dejar una nota rápida de cómo quedó mi familiar y qué falta | E33: Con la finalidad de que quien me reemplaza no parta de cero. | F33: 1 | G33: Dejar la nota | H33: En caso que estoy terminando mi turno | I33: Cuando escribo una nota corta y la guardo | J33: El sistema la guarda con mi nombre y la hora. | K33: E2 | L33: Should | M33: 3 | N33: Bastián Ñiripil | O33: Propuesta nueva | P33: La nota queda asociada a la persona mayor, a su autor y a la fecha.
F34: 2 | G34: Leer la nota | H34: En caso que otro familiar dejó una nota de turno | I34: Cuando abro la app al empezar mi turno | J34: El sistema me muestra la nota apenas entro.
B36: HU-08 | C36: Como cuidador/a | D36: Necesito anotar los remedios de mi familiar tal como vienen en la receta (cuál, cuánto y a qué horas) | E36: Con la finalidad de no tener que acordarme de todos los horarios. | F36: 1 | G36: Remedio con varias horas | H36: En caso que la receta indica un remedio varias veces al día | I36: Cuando lo anoto con su cantidad y sus horas (por ejemplo, 08:00, 14:00 y 20:00) | J36: El sistema lo agrega de inmediato a la lista del día, una vez por cada hora. | K36: E3 | L36: Must | M36: 5 | N36: Bastián Ñiripil | O36: En backlog | P36: Varios horarios por tratamiento. Fecha de término opcional.
F37: 2 | G37: Remedio permanente | H37: En caso que el remedio no tiene fecha de término | I37: Cuando lo guardo sin fecha de término | J37: El sistema lo sigue mostrando todos los días hasta que yo lo suspenda.
F38: 3 | G38: Remedio con fecha de término | H38: En caso que el remedio tiene fecha de término | I38: Cuando pasa esa fecha | J38: El sistema deja de mostrarlo en la lista del día.
B40: HU-09 | C40: Como cuidador/a | D40: Necesito ver apenas abro la app qué remedios tocan hoy y cuáles ya se dieron | E40: Con la finalidad de saber en segundos qué falta. | F40: 1 | G40: Lista del día | H40: En caso que mi familiar tiene remedios para hoy | I40: Cuando abro la app | J40: El sistema me muestra los remedios del día ordenados por hora. | K40: E3 | L40: Must | M40: 3 | N40: Bastián Ñiripil | O40: En backlog | P40: —
F41: 2 | G41: Estados visibles | H41: En caso que hay remedios pendientes, dados y atrasados | I41: Cuando reviso la lista | J41: El sistema distingue cada estado con texto e ícono, no solo con color.
B43: HU-10 | C43: Como cuidador/a | D43: Necesito marcar un remedio como dado con un solo toque, aunque tenga una mano ocupada | E43: Con la finalidad de anotar sin dejar lo que estoy haciendo. | F43: 1 | G43: Marcar como dado | H43: En caso que hay un remedio pendiente en la pantalla de inicio | I43: Cuando toco el botón "Dado" | J43: El sistema lo marca como dado con la hora actual. | K43: E3 | L43: Must | M43: 3 | N43: Bastián Ñiripil | O43: En backlog | P43: Se completa en máximo 2 interacciones desde la pantalla de inicio. Área táctil del botón de al menos 48 × 48 dp, alcanzable con el pulgar.
F44: 2 | G44: Cambiar la hora | H44: En caso que lo di antes y lo estoy anotando después | I44: Cuando cambio la hora del registro | J44: El sistema guarda la hora que indiqué.
F45: 3 | G45: Deshacer | H45: En caso que lo marqué por error | I45: Cuando toco "Deshacer" justo después | J45: El sistema vuelve el remedio a pendiente.
B47: HU-11 | C47: Como cuidador/a | D47: Necesito que la app me muestre si un remedio se dio bastante antes o después de su hora | E47: Con la finalidad de saber cuándo conviene preguntarle al médico o en la farmacia. | F47: 1 | G47: Dado a la hora | H47: En caso que el remedio se marca dentro del margen de su hora | I47: Cuando lo marco como dado | J47: El sistema lo muestra como dado a la hora. | K47: E3 | L47: Must | M47: 3 | N47: Bastián Ñiripil | O47: En backlog | P47: Margen configurable, con propuesta de ±30 minutos. Pregunta abierta: margen de la ventana horaria. El resultado (dentro o fuera de la ventana) se guarda en el registro.
F48: 2 | G48: Dado fuera de hora | H48: En caso que el remedio se marca fuera del margen de su hora | I48: Cuando lo marco como dado | J48: El sistema muestra un mensaje neutro, sin culpa (por ejemplo, "anotado 1 hora después de lo indicado"), y no indica qué hacer con la dosis siguiente.
B50: HU-37 | C50: Como cuidador/a | D50: Necesito que el celular me avise cuando toca un remedio y poder marcarlo como dado desde el mismo aviso | E50: Con la finalidad de no depender de mi memoria en los días pesados. | F50: 1 | G50: Aviso a la hora | H50: En caso que un remedio está programado para una hora | I50: Cuando llega esa hora | J50: El sistema me envía un aviso al celular con el nombre y la cantidad del remedio. | K50: E3 | L50: Must | M50: 5 | N50: Luis Pérez | O50: Propuesta nueva | P50: Notificaciones push. En una app web, el iPhone solo las recibe si la app está instalada en la pantalla de inicio. Pregunta abierta: validar factibilidad antes de comprometer la historia.
F51: 2 | G51: Marcar desde el aviso | H51: En caso que recibí el aviso | I51: Cuando toco "Dado" en el aviso | J51: El sistema lo registra como dado sin que tenga que abrir la app.
B53: HU-12 | C53: Como cuidador/a | D53: Necesito anotar rápido cuando mi familiar no se tomó un remedio y por qué | E53: Con la finalidad de tener esa información a mano en el próximo control. | F53: 1 | G53: Remedio no dado | H53: En caso que mi familiar no se tomó un remedio | I53: Cuando marco "No se dio" y elijo un motivo (lo rechazó, se acabó, indicación médica, otro) | J53: El sistema lo guarda como no dado, con su motivo. | K53: E3 | L53: Should | M53: 2 | N53: Bastián Ñiripil | O53: En backlog | P53: Estado de la toma (administrada u omitida) y motivo de una lista cerrada.
F54: 2 | G54: Nota opcional | H54: En caso que elegí un motivo | I54: Cuando agrego una nota | J54: El sistema la guarda junto al registro.
B56: HU-13 | C56: Como cuidador/a | D56: Necesito corregir algo que anoté mal | E56: Con la finalidad de que lo que le muestro al médico sea confiable. | F56: 1 | G56: Corregir un registro | H56: En caso que anoté algo mal | I56: Cuando lo corrijo desde el historial del día | J56: El sistema guarda el cambio y muestra el registro marcado como corregido. | K56: E3 | L56: Should | M56: 3 | N56: Bastián Ñiripil | O56: En backlog | P56: Se conservan el valor anterior, la fecha de corrección y quién corrigió.
B58: HU-41 | C58: Como cuidador/a | D58: Necesito poder marcar un remedio aunque no tenga señal o internet | E58: Con la finalidad de no dejar de anotar por un problema de conexión. | F58: 1 | G58: Sin conexión | H58: En caso que el celular no tiene conexión | I58: Cuando marco un remedio como dado | J58: El sistema lo guarda y muestra que está pendiente de enviar. | K58: E3 | L58: Could | M58: 5 | N58: Bastián Ñiripil | O58: Propuesta nueva | P58: Cola local de registros con sincronización al reconectar y manejo de conflictos. Supuesto a validar: conexión irregular en algunos hogares.
F59: 2 | G59: Vuelve la conexión | H59: En caso que hay registros pendientes de enviar | I59: Cuando el celular recupera la conexión | J59: El sistema los envía solo, sin duplicarlos.
B61: HU-14 | C61: Como cuidador/a | D61: Necesito anotar con un par de toques lo que hice (baño, comida, ayuda para moverse) | E61: Con la finalidad de que el resto de la familia sepa qué se hizo hoy sin preguntarme. | F61: 1 | G61: Anotar un cuidado | H61: En caso que terminé un cuidado | I61: Cuando lo elijo desde los botones con ícono y texto | J61: El sistema lo guarda con la hora actual; todo el registro toma menos de 30 segundos. | K61: E4 | L61: Must | M61: 3 | N61: Bastián Ñiripil | O61: En backlog | P61: Tipo de actividad de una lista cerrada.
F62: 2 | G62: Agregar una nota | H62: En caso que quiero dejar un detalle | I62: Cuando agrego una nota opcional | J62: El sistema la guarda junto al cuidado.
B64: HU-15 | C64: Como cuidador/a | D64: Necesito anotar la presión, el azúcar, la temperatura o la saturación cuando las mido | E64: Con la finalidad de mostrarle al médico cómo han variado sin andar con papeles. | F64: 1 | G64: Anotar una medición | H64: En caso que medí un signo vital | I64: Cuando escribo el número | J64: El sistema agrega la unidad sola y guarda la medición. | K64: E4 | L64: Should | M64: 3 | N64: Bastián Ñiripil | O64: En backlog | P64: Cada signo vital con valor numérico, unidad y rango de validación. Sin interpretación clínica.
F65: 2 | G65: Valor imposible | H65: En caso que escribo un valor imposible (por ejemplo, temperatura sobre 45 °C) | I65: Cuando intento guardar | J65: El sistema me pide revisarlo.
F66: 3 | G66: Sin interpretación médica | H66: En caso que guardé una medición | I66: Cuando la reviso | J66: El sistema no dice si el valor es bueno o malo y sugiere consultar en el CESFAM si tengo dudas.
B68: HU-16 | C68: Como cuidador/a principal | D68: Necesito ver cuánto tiempo le dedico al cuidado cada semana | E68: Con la finalidad de mostrárselo a mi familia cuando pida repartir mejor la carga. | F68: 1 | G68: Resumen semanal | H68: En caso que anoté tiempo de cuidado durante la semana | I68: Cuando abro el resumen semanal | J68: El sistema muestra el total de horas dedicadas. | K68: E4 | L68: Could | M68: 2 | N68: Bastián Ñiripil | O68: En backlog | P68: Un registro por día y persona, entre 0 y 24 horas. Más adelante: estimar el tiempo desde los registros en vez de pedirlo.
F69: 2 | G69: Compartir el resumen | H69: En caso que estoy viendo el resumen | I69: Cuando elijo compartirlo | J69: El sistema me deja enviarlo a mi familia desde el celular.
B71: HU-17 | C71: Como cuidador/a | D71: Necesito anotar las horas médicas de mi familiar (día, hora, especialidad y lugar) | E71: Con la finalidad de no perder ninguna. | F71: 1 | G71: Anotar una hora médica | H71: En caso que mi familiar tiene una hora médica | I71: Cuando la anoto con día, hora, especialidad y lugar | J71: El sistema la muestra en "Próximas horas" y mi equipo de cuidado también la ve. | K71: E5 | L71: Must | M71: 2 | N71: Bastián Ñiripil | O71: En backlog | P71: —
F72: 2 | G72: Fecha pasada | H72: En caso que escribo una fecha que ya pasó | I72: Cuando intento guardar | J72: El sistema me pide corregir la fecha.
B74: HU-18 | C74: Como cuidador/a | D74: Necesito anotar lo que dijo el médico después de cada hora | E74: Con la finalidad de no olvidarlo y que el resto de la familia lo sepa. | F74: 1 | G74: Actualizar el estado | H74: En caso que la hora médica ya pasó | I74: Cuando la marco como realizada, cancelada o cambiada | J74: El sistema actualiza su estado. | K74: E5 | L74: Should | M74: 2 | N74: Bastián Ñiripil | O74: En backlog | P74: Estado de la cita de una lista cerrada.
F75: 2 | G75: Anotar indicaciones | H75: En caso que la hora fue realizada | I75: Cuando escribo lo que dijo el médico | J75: El sistema guarda la nota y la muestra a mi equipo de cuidado.
B77: HU-19 | C77: Como cuidador/a | D77: Necesito que la app me recuerde el día antes que hay una hora médica | E77: Con la finalidad de organizar el traslado y quién acompaña. | F77: 1 | G77: Recordatorio del día anterior | H77: En caso que mañana hay una hora médica anotada | I77: Cuando llega el día anterior | J77: El sistema me envía un aviso con la hora, la especialidad y el lugar. | K77: E5 | L77: Could | M77: 3 | N77: Luis Pérez | O77: En backlog | P77: Usa el mismo canal de avisos que E8 (correo o en la app; canal por definir).
B79: HU-20 | C79: Como cuidador/a principal | D79: Necesito que la app me pregunte de vez en cuando, con unas pocas preguntas, cómo me siento con el cuidado | E79: Con la finalidad de darme cuenta a tiempo si me estoy agotando. | F79: 1 | G79: Invitación a responder | H79: En caso que pasó el tiempo definido desde mi última respuesta | I79: Cuando abro la app | J79: El sistema me invita a responder, sin obligarme, y me deja dejarlo para después. | K79: E6 | L79: Must | M79: 3 | N79: Bastián Ñiripil | O79: En backlog | P79: Versión abreviada de la escala de Zarit. Pregunta abierta: versión de Zarit. Se guardan las respuestas por ítem, el puntaje y el nivel. Invitación cada 30 días, configurable.
F80: 2 | G80: Responder las preguntas | H80: En caso que acepté responder | I80: Cuando contesto todas las preguntas | J80: El sistema me muestra el resultado en palabras simples, no solo un número; todo toma menos de 3 minutos.
B82: HU-21 | C82: Como cuidador/a principal | D82: Necesito ver si mi cansancio ha ido subiendo o bajando en los últimos meses | E82: Con la finalidad de decidir cuándo pedir ayuda. | F82: 1 | G82: Ver la evolución | H82: En caso que respondí las preguntas al menos dos veces | I82: Cuando abro "Mi cansancio" | J82: El sistema muestra un gráfico simple con todas mis respuestas, con etiquetas como "más cansancio" y "menos cansancio". | K82: E6 | L82: Must | M82: 3 | N82: Luis Pérez | O82: En backlog | P82: —
F83: 2 | G83: Cambio importante | H83: En caso que mi nivel cambió entre dos respuestas | I83: Cuando reviso el gráfico | J83: El sistema destaca ese cambio.
B85: HU-22 | C85: Como cuidador/a | D85: Necesito ver de un vistazo si los remedios se han dado bien esta semana y este mes | E85: Con la finalidad de quedarme tranquilo/a o darme cuenta de que algo se está escapando. | F85: 1 | G85: Resumen de la semana | H85: En caso que hay remedios anotados esta semana | I85: Cuando abro el resumen | J85: El sistema muestra frases como "esta semana se dieron 19 de 21 dosis a la hora". | K85: E7 | L85: Must | M85: 5 | N85: Luis Pérez | O85: En backlog | P85: Adherencia = dosis administradas dentro de la ventana ÷ dosis programadas. Filtro por persona y por medicamento.
F86: 2 | G86: Detalle por remedio | H86: En caso que estoy viendo el resumen | I86: Cuando elijo un remedio | J86: El sistema muestra su detalle de la semana o del mes.
B88: HU-23 | C88: Como cuidador/a | D88: Necesito revisar qué pasó un día específico (remedios, cuidados, horas médicas) | E88: Con la finalidad de responder con seguridad cuando el médico me pregunta. | F88: 1 | G88: Revisar un período | H88: En caso que quiero revisar un día o un período | I88: Cuando elijo la fecha o el rango de fechas | J88: El sistema muestra los remedios, cuidados y horas médicas de ese período. | K88: E7 | L88: Should | M88: 3 | N88: Luis Pérez | O88: En backlog | P88: —
B90: HU-24 | C90: Como cuidador/a | D90: Necesito descargar o compartir desde el celular un resumen del último período | E90: Con la finalidad de llevarlo al control o a una postulación sin anotar todo a mano. | F90: 1 | G90: Generar el resumen | H90: En caso que elegí un período | I90: Cuando pido el resumen en PDF | J90: El sistema genera el resumen de ese período. | K90: E7 | L90: Should | M90: 5 | N90: Luis Pérez | O90: En backlog | P90: El PDF incluye adherencia, actividades, horas médicas y evolución del cansancio del período.
F91: 2 | G91: Descargar o compartir | H91: En caso que el resumen está listo | I91: Cuando elijo descargarlo o compartirlo | J91: El sistema abre las opciones de compartir del celular.
B93: HU-40 | C93: Como cuidador/a | D93: Necesito mostrar en segundos la lista de remedios de mi familiar y los contactos importantes si hay una urgencia | E93: Con la finalidad de no tener que recordarlos bajo estrés. | F93: 1 | G93: Ficha de urgencia | H93: En caso que hay una urgencia | I93: Cuando toco el botón de urgencia en la pantalla de inicio | J93: El sistema muestra en una sola pantalla los remedios vigentes y los contactos importantes, lista para mostrar. | K93: E7 | L93: Should | M93: 3 | N93: Luis Pérez | O93: Propuesta nueva | P93: Se arma desde los tratamientos vigentes. Requiere guardar los contactos importantes de la persona mayor.
B95: HU-25 | C95: Como cuidador/a | D95: Necesito que la app me avise si un remedio quedó sin dar | E95: Con la finalidad de alcanzar a reaccionar. | F95: 1 | G95: Remedio sin anotar | H95: En caso que pasó la hora límite de un remedio sin que se haya anotado | I95: Cuando se cumple ese plazo | J95: El sistema me envía un aviso que dice qué remedio y de qué hora. | K95: E8 | L95: Must | M95: 5 | N95: Luis Pérez | O95: En backlog | P95: Una alerta por dosis vencida, sin duplicados. Validado con un set de 100 casos simulados (OE3). Pregunta abierta: con cuidado compartido, a quién le llega la alerta.
F96: 2 | G96: Aviso sin repetir | H96: En caso que ya recibí el aviso de ese remedio | I96: Cuando sigue sin anotarse | J96: El sistema no repite el mismo aviso.
F97: 3 | G97: Remedio anotado a tiempo | H97: En caso que el remedio se anotó antes de la hora límite | I97: Cuando se cumple la hora límite | J97: El sistema no envía aviso.
B99: HU-26 | C99: Como cuidador/a principal | D99: Necesito que, si pasan días sin que anote nada, la app me pregunte con cuidado si estoy bien o si quiero avisarle a mi familia | E99: Con la finalidad de no quedar solo/a cuando no doy más. | F99: 1 | G99: Días sin registros | H99: En caso que pasaron varios días sin registros | I99: Cuando se cumple el plazo definido | J99: El sistema me envía un mensaje que pregunta cómo estoy, sin reproches. | K99: E8 | L99: Must | M99: 3 | N99: Luis Pérez | O99: En backlog | P99: Umbral configurable, con propuesta de 48 horas sin registros.
F100: 2 | G100: Avisar a la familia | H100: En caso que recibí ese mensaje | I100: Cuando elijo avisarle a mi equipo de cuidado | J100: El sistema les envía un aviso a los familiares que ayudan.
B102: HU-28 | C102: Como cuidador/a | D102: Necesito ver en un solo lugar los avisos pendientes y marcarlos como resueltos | E102: Con la finalidad de no quedarme con la sensación de que algo se me pasó. | F102: 1 | G102: Ver los avisos | H102: En caso que tengo avisos | I102: Cuando abro "Avisos" | J102: El sistema los muestra todos en un solo lugar, primero los pendientes. | K102: E8 | L102: Must | M102: 2 | N102: Luis Pérez | O102: En backlog | P102: Estados nueva, vista y atendida.
F103: 2 | G103: Marcar como resuelto | H103: En caso que ya atendí un aviso | I103: Cuando lo marco como resuelto | J103: El sistema lo saca de los pendientes.
B105: HU-27 | C105: Como cuidador/a principal | D105: Necesito que la app me avise si mis respuestas muestran que estoy muy cansado/a y me diga dónde pedir apoyo | E105: Con la finalidad de no llegar al límite sin darme cuenta. | F105: 1 | G105: Cansancio alto | H105: En caso que mi cansancio llega a un nivel alto o sube de golpe | I105: Cuando termino de responder las preguntas | J105: El sistema me muestra un mensaje cálido, sin diagnóstico, con al menos un lugar concreto donde pedir apoyo. | K105: E8 | L105: Should | M105: 3 | N105: Luis Pérez | O105: En backlog | P105: Regla de nivel alto o alza brusca, con umbral por definir.
B107: HU-39 | C107: Como cuidador/a principal | D107: Necesito que por unos días los avisos le lleguen a otro familiar | E107: Con la finalidad de poder descansar sin que se pierda ningún remedio. | F107: 1 | G107: Pasar los avisos | H107: En caso que necesito descansar unos días | I107: Cuando elijo a qué familiar le llegan los avisos y hasta qué día | J107: El sistema le envía los avisos a esa persona durante ese período. | K107: E8 | L107: Should | M107: 3 | N107: Luis Pérez | O107: Propuesta nueva | P107: Delegación con persona destinataria, fecha de inicio y fecha de término.
F108: 2 | G108: Fin del período | H108: En caso que terminó el plazo que definí | I108: Cuando llega la fecha de término | J108: El sistema vuelve a enviarme los avisos a mí.
B110: HU-29 | C110: Como cuidador/a | D110: Necesito recibir cada semana un resumen corto en palabras simples de cómo fue el cuidado | E110: Con la finalidad de enterarme de lo importante en un minuto. | F110: 1 | G110: Resumen semanal | H110: En caso que hay registros de la semana | I110: Cuando termina la semana | J110: El sistema me envía un resumen que cabe en una pantalla del celular, con remedios no dados, próximas horas médicas y avisos pendientes. | K110: E9 | L110: Must | M110: 8 | N110: Luis Pérez | O110: En backlog | P110: Cada cifra del resumen coincide con la base de datos. Meta de 90 % o más de exactitud factual en 25 consultas de prueba (OE2).
F111: 2 | G111: Sin indicaciones médicas | H111: En caso que la semana tuvo remedios no dados | I111: Cuando leo el resumen | J111: El sistema describe lo ocurrido sin dar indicaciones médicas.
B113: HU-31 | C113: Como cuidador/a | D113: Necesito que, si le pregunto algo médico al asistente, me diga claramente que no puede responder y a quién acudir | E113: Con la finalidad de no tomar una decisión riesgosa por culpa de la app. | F113: 1 | G113: Pregunta médica | H113: En caso que estoy usando el asistente | I113: Cuando pregunto por dosis, diagnósticos o tratamientos | J113: El sistema responde que no puede contestar eso y me sugiere a quién acudir. | K113: E9 | L113: Must | M113: 3 | N113: Luis Pérez | O113: En backlog | P113: Probado con un set de preguntas trampa sobre dosis, diagnósticos y tratamientos.
B115: HU-30 | C115: Como cuidador/a | D115: Necesito preguntarle a la app cosas como "¿cuándo se le dio por última vez el remedio de la presión?" | E115: Con la finalidad de resolver dudas sin buscar en el historial. | F115: 1 | G115: Pregunta sobre lo anotado | H115: En caso que hay registros de mi familiar | I115: Cuando escribo una pregunta sobre lo anotado | J115: El sistema responde en forma breve e indica las fechas y los datos en que se basa. | K115: E9 | L115: Should | M115: 8 | N115: Luis Pérez | O115: En backlog | P115: Acceso solo a datos de las personas asignadas al cuidador. Se guarda cada pregunta y respuesta para evaluación (debe declararse en el texto de HU-03).
B117: HU-32 | C117: Como cuidador/a principal | D117: Necesito saber que la información de salud de mi familiar está protegida aunque pierda el celular | E117: Con la finalidad de confiarle a la app datos tan personales. | F117: 1 | G117: Saber cómo se protege | H117: En caso que quiero saber cómo se cuida la información | I117: Cuando entro a "Privacidad" | J117: El sistema muestra una explicación breve de cómo se protegen los datos. | K117: E10 | L117: Must | M117: 5 | N117: Bastián Ñiripil | O117: En backlog | P117: HTTPS obligatorio. Datos sensibles cifrados en reposo. El escaneo de seguridad no reporta vulnerabilidades críticas (OE4). El cierre de sesión remoto invalida todos los tokens.
F118: 2 | G118: Celular perdido | H118: En caso que perdí mi celular | I118: Cuando entro desde otro equipo y elijo cerrar la sesión en todos mis dispositivos | J118: El sistema cierra la sesión en todos ellos.
B120: HU-33 | C120: Como cuidador/a | D120: Necesito ver quién de la familia anotó o cambió cada cosa | E120: Con la finalidad de aclarar dudas sin discusiones. | F120: 1 | G120: Quién lo anotó | H120: En caso que varios familiares anotan en la app | I120: Cuando reviso un registro | J120: El sistema muestra quién lo anotó. | K120: E10 | L120: Should | M120: 3 | N120: Bastián Ñiripil | O120: En backlog | P120: Bitácora de accesos y cambios a datos de salud (usuario, acción, recurso y fecha), que ningún usuario puede editar.
F121: 2 | G121: Quién lo corrigió | H121: En caso que alguien corrigió un registro | I121: Cuando lo reviso | J121: El sistema muestra quién lo corrigió.
B123: HU-34 | C123: Como equipo de desarrollo | D123: Necesito levantar el sistema completo con un solo comando en un entorno limpio | E123: Con la finalidad de asegurar que se pueda instalar y probar en cualquier máquina. | F123: 1 | G123: Instalación limpia | H123: En caso que la máquina no tiene el proyecto instalado, solo Docker | I123: Cuando se ejecuta el comando de inicio indicado en el README | J123: El sistema levanta la app web, el servidor y la base de datos, y queda listo para usar. | K123: E10 | L123: Must | M123: 5 | N123: Bastián Ñiripil | O123: Habilitadora | P123: Un solo comando (docker compose) levanta frontend, backend y base de datos. Documentado en el README (OE4).
B125: HU-35 | C125: Como profesional del programa de cuidados de la municipalidad o del CESFAM | D125: Necesito ver datos agregados y anónimos de las personas cuidadoras de mi territorio | E125: Con la finalidad de saber dónde hace falta más apoyo. | F125: 1 | G125: Por definir | H125: — | I125: — | J125: Fuera del MVP: los criterios se definirán si entra en una versión posterior. | K125: — | L125: Won't | N125: — | O125: Fuera del MVP | P125: Corresponde al modelo B2B2C. Requiere un rol institucional y datos anonimizados.
B127: HU-36 | C127: Como cuidador/a principal | D127: Necesito darle acceso de solo lectura al médico o la enfermera de mi familiar | E127: Con la finalidad de que vea lo anotado sin que yo tenga que explicarle todo. | F127: 1 | G127: Por definir | H127: — | I127: — | J127: Fuera del MVP: los criterios se definirán si entra en una versión posterior. | K127: — | L127: Won't | N127: — | O127: Fuera del MVP | P127: Requiere un rol nuevo y un consentimiento adicional de la persona mayor.
B130: Nota:
B131: - Las celdas con comentario (triángulo rojo en la esquina) marcan cambios propuestos en la versión 2 que el equipo debe confirmar: puntos de HU-02, lista de HU-14, prioridad de HU-16 y responsable de HU-19.
B132: - Tipo / estado "Propuesta nueva" (HU-37 a HU-41): historias nuevas de la versión 2, pendientes de aceptar. No suman al total del backlog en la pestaña Épicas.
B133: - Las preguntas abiertas de cada historia están en la columna Criterios técnicos. Detalle de cada columna en la pestaña Instructivo.

Sheet Épicas
B1: Épicas del Product Backlog
B2: Proyecto CuidaTrack · Product Backlog v2 · 1 de octubre de 2026. Los totales se calculan desde la pestaña Historias de Usuario.
B4: ID épica | C4: Épica | D4: Qué resuelve para la persona cuidadora | E4: Objetivos Fase 1 | F4: Responsable de desarrollo | G4: Backlog MVP | K4: Propuestas v2
G5: Historias | H5: N° historias | I5: Puntos | J5: Puntos Must | K5: Historias nuevas | L5: Puntos
B6: E1 | C6: Cuenta y acceso | D6: Entrar fácil a la app desde el celular y decidir con confianza qué datos de su familiar entrega. | E6: OE4 | F6: Bastián Ñiripil | G6: HU-01, HU-02, HU-03, HU-04 | H6: =COUNTIFS('Historias de Usuario'!$K$6:$K$128,$B6,'Historias de Usuario'!$O$6:$O$128,"<>Propuesta nueva") -> 4 | I6: =SUMIFS('Historias de Usuario'!$M$6:$M$128,'Historias de Usuario'!$K$6:$K$128,$B6,'Historias de Usuario'!$O$6:$O$128,"<>Propuesta nueva") -> 14 | J6: =SUMIFS('Historias de Usuario'!$M$6:$M$128,'Historias de Usuario'!$K$6:$K$128,$B6,'Historias de Usuario'!$O$6:$O$128,"<>Propuesta nueva",'Historias de Usuario'!$L$6:$L$128,"Must") -> 11 | K6: — | L6: =SUMIFS('Historias de Usuario'!$M$6:$M$128,'Historias de Usuario'!$K$6:$K$128,$B6,'Historias de Usuario'!$O$6:$O$128,"Propuesta nueva") -> 0
B7: E2 | C7: Persona mayor y equipo de cuidado | D7: Registrar a la persona mayor y compartir su cuidado con la familia, controlando quién ve la información. | E7: OE1, OE4 | F7: Bastián Ñiripil | G7: HU-05, HU-06, HU-07 | H7: =COUNTIFS('Historias de Usuario'!$K$6:$K$128,$B7,'Historias de Usuario'!$O$6:$O$128,"<>Propuesta nueva") -> 3 | I7: =SUMIFS('Historias de Usuario'!$M$6:$M$128,'Historias de Usuario'!$K$6:$K$128,$B7,'Historias de Usuario'!$O$6:$O$128,"<>Propuesta nueva") -> 10 | J7: =SUMIFS('Historias de Usuario'!$M$6:$M$128,'Historias de Usuario'!$K$6:$K$128,$B7,'Historias de Usuario'!$O$6:$O$128,"<>Propuesta nueva",'Historias de Usuario'!$L$6:$L$128,"Must") -> 10 | K7: HU-38 | L7: =SUMIFS('Historias de Usuario'!$M$6:$M$128,'Historias de Usuario'!$K$6:$K$128,$B7,'Historias de Usuario'!$O$6:$O$128,"Propuesta nueva") -> 3
B8: E3 | C8: Medicamentos | D8: Saber qué remedio toca, anotarlo en un toque y evitar olvidos o errores de horario. | E8: OE1 | F8: Bastián Ñiripil (HU-37 propuesta: Luis Pérez) | G8: HU-08, HU-09, HU-10, HU-11, HU-12, HU-13 | H8: =COUNTIFS('Historias de Usuario'!$K$6:$K$128,$B8,'Historias de Usuario'!$O$6:$O$128,"<>Propuesta nueva") -> 6 | I8: =SUMIFS('Historias de Usuario'!$M$6:$M$128,'Historias de Usuario'!$K$6:$K$128,$B8,'Historias de Usuario'!$O$6:$O$128,"<>Propuesta nueva") -> 19 | J8: =SUMIFS('Historias de Usuario'!$M$6:$M$128,'Historias de Usuario'!$K$6:$K$128,$B8,'Historias de Usuario'!$O$6:$O$128,"<>Propuesta nueva",'Historias de Usuario'!$L$6:$L$128,"Must") -> 14 | K8: HU-37, HU-41 | L8: =SUMIFS('Historias de Usuario'!$M$6:$M$128,'Historias de Usuario'!$K$6:$K$128,$B8,'Historias de Usuario'!$O$6:$O$128,"Propuesta nueva") -> 10
B9: E4 | C9: Actividades y tiempo de cuidado | D9: Dejar registro de los cuidados diarios para que la familia sepa qué se hizo. | E9: OE1 | F9: Bastián Ñiripil | G9: HU-14, HU-15, HU-16 | H9: =COUNTIFS('Historias de Usuario'!$K$6:$K$128,$B9,'Historias de Usuario'!$O$6:$O$128,"<>Propuesta nueva") -> 3 | I9: =SUMIFS('Historias de Usuario'!$M$6:$M$128,'Historias de Usuario'!$K$6:$K$128,$B9,'Historias de Usuario'!$O$6:$O$128,"<>Propuesta nueva") -> 8 | J9: =SUMIFS('Historias de Usuario'!$M$6:$M$128,'Historias de Usuario'!$K$6:$K$128,$B9,'Historias de Usuario'!$O$6:$O$128,"<>Propuesta nueva",'Historias de Usuario'!$L$6:$L$128,"Must") -> 3 | K9: — | L9: =SUMIFS('Historias de Usuario'!$M$6:$M$128,'Historias de Usuario'!$K$6:$K$128,$B9,'Historias de Usuario'!$O$6:$O$128,"Propuesta nueva") -> 0
B10: E5 | C10: Citas médicas | D10: No perder horas médicas y guardar lo que dijo el médico. | E10: OE1 | F10: Bastián Ñiripil (HU-19: Luis Pérez) | G10: HU-17, HU-18, HU-19 | H10: =COUNTIFS('Historias de Usuario'!$K$6:$K$128,$B10,'Historias de Usuario'!$O$6:$O$128,"<>Propuesta nueva") -> 3 | I10: =SUMIFS('Historias de Usuario'!$M$6:$M$128,'Historias de Usuario'!$K$6:$K$128,$B10,'Historias de Usuario'!$O$6:$O$128,"<>Propuesta nueva") -> 7 | J10: =SUMIFS('Historias de Usuario'!$M$6:$M$128,'Historias de Usuario'!$K$6:$K$128,$B10,'Historias de Usuario'!$O$6:$O$128,"<>Propuesta nueva",'Historias de Usuario'!$L$6:$L$128,"Must") -> 2 | K10: — | L10: =SUMIFS('Historias de Usuario'!$M$6:$M$128,'Historias de Usuario'!$K$6:$K$128,$B10,'Historias de Usuario'!$O$6:$O$128,"Propuesta nueva") -> 0
B11: E6 | C11: Sobrecarga del cuidador | D11: Darse cuenta a tiempo del propio cansancio y decidir cuándo pedir ayuda. | E11: OE1, OG | F11: Bastián Ñiripil (HU-20) / Luis Pérez (HU-21) | G11: HU-20, HU-21 | H11: =COUNTIFS('Historias de Usuario'!$K$6:$K$128,$B11,'Historias de Usuario'!$O$6:$O$128,"<>Propuesta nueva") -> 2 | I11: =SUMIFS('Historias de Usuario'!$M$6:$M$128,'Historias de Usuario'!$K$6:$K$128,$B11,'Historias de Usuario'!$O$6:$O$128,"<>Propuesta nueva") -> 6 | J11: =SUMIFS('Historias de Usuario'!$M$6:$M$128,'Historias de Usuario'!$K$6:$K$128,$B11,'Historias de Usuario'!$O$6:$O$128,"<>Propuesta nueva",'Historias de Usuario'!$L$6:$L$128,"Must") -> 6 | K11: — | L11: =SUMIFS('Historias de Usuario'!$M$6:$M$128,'Historias de Usuario'!$K$6:$K$128,$B11,'Historias de Usuario'!$O$6:$O$128,"Propuesta nueva") -> 0
B12: E7 | C12: Reportería | D12: Ver de un vistazo cómo va el cuidado y llevar un resumen al control médico. | E12: OG | F12: Luis Pérez | G12: HU-22, HU-23, HU-24 | H12: =COUNTIFS('Historias de Usuario'!$K$6:$K$128,$B12,'Historias de Usuario'!$O$6:$O$128,"<>Propuesta nueva") -> 3 | I12: =SUMIFS('Historias de Usuario'!$M$6:$M$128,'Historias de Usuario'!$K$6:$K$128,$B12,'Historias de Usuario'!$O$6:$O$128,"<>Propuesta nueva") -> 13 | J12: =SUMIFS('Historias de Usuario'!$M$6:$M$128,'Historias de Usuario'!$K$6:$K$128,$B12,'Historias de Usuario'!$O$6:$O$128,"<>Propuesta nueva",'Historias de Usuario'!$L$6:$L$128,"Must") -> 5 | K12: HU-40 | L12: =SUMIFS('Historias de Usuario'!$M$6:$M$128,'Historias de Usuario'!$K$6:$K$128,$B12,'Historias de Usuario'!$O$6:$O$128,"Propuesta nueva") -> 3
B13: E8 | C13: Alertas tempranas | D13: Recibir avisos a tiempo cuando algo se escapa, incluido el propio agotamiento. | E13: OE3 | F13: Luis Pérez | G13: HU-25, HU-26, HU-28, HU-27 | H13: =COUNTIFS('Historias de Usuario'!$K$6:$K$128,$B13,'Historias de Usuario'!$O$6:$O$128,"<>Propuesta nueva") -> 4 | I13: =SUMIFS('Historias de Usuario'!$M$6:$M$128,'Historias de Usuario'!$K$6:$K$128,$B13,'Historias de Usuario'!$O$6:$O$128,"<>Propuesta nueva") -> 13 | J13: =SUMIFS('Historias de Usuario'!$M$6:$M$128,'Historias de Usuario'!$K$6:$K$128,$B13,'Historias de Usuario'!$O$6:$O$128,"<>Propuesta nueva",'Historias de Usuario'!$L$6:$L$128,"Must") -> 10 | K13: HU-39 | L13: =SUMIFS('Historias de Usuario'!$M$6:$M$128,'Historias de Usuario'!$K$6:$K$128,$B13,'Historias de Usuario'!$O$6:$O$128,"Propuesta nueva") -> 3
B14: E9 | C14: Asistente IA | D14: Entender la semana en lenguaje simple y resolver dudas sobre lo anotado, sin consejos médicos. | E14: OE2 | F14: Luis Pérez | G14: HU-29, HU-31, HU-30 | H14: =COUNTIFS('Historias de Usuario'!$K$6:$K$128,$B14,'Historias de Usuario'!$O$6:$O$128,"<>Propuesta nueva") -> 3 | I14: =SUMIFS('Historias de Usuario'!$M$6:$M$128,'Historias de Usuario'!$K$6:$K$128,$B14,'Historias de Usuario'!$O$6:$O$128,"<>Propuesta nueva") -> 19 | J14: =SUMIFS('Historias de Usuario'!$M$6:$M$128,'Historias de Usuario'!$K$6:$K$128,$B14,'Historias de Usuario'!$O$6:$O$128,"<>Propuesta nueva",'Historias de Usuario'!$L$6:$L$128,"Must") -> 11 | K14: — | L14: =SUMIFS('Historias de Usuario'!$M$6:$M$128,'Historias de Usuario'!$K$6:$K$128,$B14,'Historias de Usuario'!$O$6:$O$128,"Propuesta nueva") -> 0
B15: E10 | C15: Seguridad y despliegue | D15: Confiar en que la información de su familiar está protegida. Incluye la historia habilitadora de despliegue. | E15: OE4 | F15: Bastián Ñiripil | G15: HU-32, HU-33, HU-34 | H15: =COUNTIFS('Historias de Usuario'!$K$6:$K$128,$B15,'Historias de Usuario'!$O$6:$O$128,"<>Propuesta nueva") -> 3 | I15: =SUMIFS('Historias de Usuario'!$M$6:$M$128,'Historias de Usuario'!$K$6:$K$128,$B15,'Historias de Usuario'!$O$6:$O$128,"<>Propuesta nueva") -> 13 | J15: =SUMIFS('Historias de Usuario'!$M$6:$M$128,'Historias de Usuario'!$K$6:$K$128,$B15,'Historias de Usuario'!$O$6:$O$128,"<>Propuesta nueva",'Historias de Usuario'!$L$6:$L$128,"Must") -> 10 | K15: — | L15: =SUMIFS('Historias de Usuario'!$M$6:$M$128,'Historias de Usuario'!$K$6:$K$128,$B15,'Historias de Usuario'!$O$6:$O$128,"Propuesta nueva") -> 0
B16: Total MVP (E1 a E10) | H16: =SUM(H6:H15) -> 34 | I16: =SUM(I6:I15) -> 122 | J16: =SUM(J6:J15) -> 82 | L16: =SUM(L6:L15) -> 19
B17: — | C17: Fuera del MVP | D17: Historias registradas para una versión posterior (prioridad Won't); no se estiman ni se modelan ahora. | E17: — | F17: — | G17: HU-35, HU-36 | H17: =COUNTIFS('Historias de Usuario'!$K$6:$K$128,$B17,'Historias de Usuario'!$O$6:$O$128,"<>Propuesta nueva") -> 2 | I17: — | J17: — | K17: — | L17: —
B20: Carga por responsable de desarrollo
B21: Responsable | D21: Puntos backlog MVP | E21: Puntos propuestas v2 | F21: Total con propuestas
B22: Bastián Ñiripil | D22: =SUMIFS('Historias de Usuario'!$M$6:$M$128,'Historias de Usuario'!$N$6:$N$128,$B22,'Historias de Usuario'!$O$6:$O$128,"<>Propuesta nueva") -> 71 | E22: =SUMIFS('Historias de Usuario'!$M$6:$M$128,'Historias de Usuario'!$N$6:$N$128,$B22,'Historias de Usuario'!$O$6:$O$128,"Propuesta nueva") -> 8 | F22: =D22+E22 -> 79
B23: Luis Pérez | D23: =SUMIFS('Historias de Usuario'!$M$6:$M$128,'Historias de Usuario'!$N$6:$N$128,$B23,'Historias de Usuario'!$O$6:$O$128,"<>Propuesta nueva") -> 51 | E23: =SUMIFS('Historias de Usuario'!$M$6:$M$128,'Historias de Usuario'!$N$6:$N$128,$B23,'Historias de Usuario'!$O$6:$O$128,"Propuesta nueva") -> 11 | F23: =D23+E23 -> 62
B24: Total | D24: =SUM(D22:D23) -> 122 | E24: =SUM(E22:E23) -> 19 | F24: =SUM(F22:F23) -> 141
B25: Las historias HU-19, HU-20 y HU-21 se reparten entre ambos responsables dentro de sus épicas.
B28: Objetivos de la Fase 1
B29: Código | C29: Objetivo
B30: OE1 | C30: Transacciones procesadas correctamente, error < 5 % en 100 registros
B31: OE2 | C31: ≥ 90 % de exactitud factual del agente IA en 25 consultas
B32: OE3 | C32: 100 % de alertas generadas correctamente en 100 casos simulados
B33: OE4 | C33: 100 % de requisitos no funcionales críticos (seguridad, acceso, Docker)
B34: OG | C34: Objetivo general: cubre la reportería, que no tiene un objetivo específico medible propio

Sheet Instructivo
B1: Historias de usuario y criterios de aceptación: Instructivo
B2: Proyecto CuidaTrack · Product Backlog v2 · 1 de octubre de 2026
B4: Columna | C4: Instrucciones
B5: Identificador (ID) de la historia | C5: Código que identifica unívocamente a la historia en el proyecto que se esté desarrollando. El formato debe ser elegido por el equipo. En CuidaTrack el formato es HU-NN (HU-01 a HU-41): correlativo único en todo el proyecto, que se mantiene aunque la historia cambie de épica o de prioridad.
B6: Rol | C6: Es el rol que está desempeñando el usuario cuando utiliza la funcionalidad que se está describiendo. Debe ser lo más especifico posible, describiendo el rol o actor que se está desempeñando. El enunciado puede escribirse como se sigue: Yo como un [Rol], desempeñando el rol de [Rol], como un [Rol], entre otros. Por ejemplo: Yo como cliente registrado. Desempeñando el rol de cliente registrado. Como un cliente registrado.
B7: Característica / Funcionalidad | C7: Representa la función que el rol quiere o necesita hacer en el sistema que se está desarrollando. Puede diferenciarse entre acciones obligatorias u opcionales, utilizando la palabra puede o necesita para describir la acción. Por ejemplo: Necesito realizar búsquedas de productos por categorías. Puedo seleccionar una categoría para ver el número de productos que tiene asociado.
B8: Razón / Resultado | C8: Lo que el rol necesita lograr al ejecutar la acción. Este es el resultado de ejecutar la acción desde el punto de vista del rol. Este punto puede ser opcional, pues la historia puede documentarse sólo con la definición del rol y la acción (sin definir la consecuencia).
B9: Número (#) de escenario | C9: Número (ejemplo 1, 2, 3 ó 4), que identifica al escenario asociado a la historia. En CuidaTrack cada historia tiene entre 1 y 4 escenarios; las historias fuera del MVP tienen un escenario "Por definir".
B10: Criterio de aceptación (título) | C10: Describe el contexto del escenario que define un comportamiento. Por ejemplo, si se toma el ejemplo de búsquedas de productos por categoría, un posible ejemplo pudiera ser: Categoría sin productos asociados.
B11: Contexto | C11: Proporciona mayor descripción sobre las condiciones que desencadenan el escenario.
B12: Evento | C12: Representa la acción que el usuario ejecuta, en el contexto definido para el escenario.
B13: Resultado / Comportamiento esperado | C13: Dado el contexto y la acción ejecutada por el usuario, la consecuencia es el comportamiento del sistema en esa situación.
B14: Épica | C14: Código de la épica a la que pertenece la historia (E1 a E10). El nombre, el propósito y los totales de cada épica están en la pestaña Épicas. Las historias fuera del MVP no tienen épica (—).
B15: Prioridad (MoSCoW) | C15: Must: sin esto no hay MVP. Should: importante, entra si hay capacidad. Could: deseable. Won't: fuera de esta versión. Se elige de una lista.
... B19: Criterios técnicos | C19: Detalles de implementación y metas de evaluación del equipo. La persona cuidadora no los ve, pero deben cumplirse para dar la historia por terminada. Aquí también se anotan las preguntas abiertas de cada historia.
B22: Convenciones del proyecto CuidaTrack
B23: Tema | C23: Convención
B24: Roles de usuario | C24: Cuidador/a principal: familiar que asume la mayor parte del cuidado en casa; crea la cuenta, registra a la persona mayor e invita al resto. Cuidador/a secundario/a: familiar que ayuda por turnos o en días puntuales; registra solo para la persona que le compartieron. Cuando una historia sirve a ambos, dice "cuidador/a". La persona mayor no usa la app.
B25: Enunciado de la historia | C25: Se escribe desde la persona cuidadora y en lenguaje cotidiano ("remedio", "hora médica"). La razón es siempre un resultado concreto para ella: tranquilidad, ahorro de tiempo, evitar errores, coordinarse con la familia o cuidarse a sí misma.
B26: Criterios de aceptación | C26: Describen lo que la persona cuidadora ve o hace, de forma verificable en una prueba con usuario. Los términos técnicos van solo en la columna Criterios técnicos.
B27: Comentarios en celdas | C27: Las celdas con comentario marcan cambios propuestos en la versión 2 que el equipo debe confirmar: puntos de HU-02, lista de HU-14, prioridad de HU-16 y responsable de HU-19.
B28: Preguntas abiertas | C28: Margen de la ventana horaria (HU-11). Versión de la escala de Zarit (HU-20). Quién otorga el consentimiento sobre los datos de la persona mayor (HU-03). Qué pasa con los cuidadores secundarios si el principal borra su cuenta (HU-04). A quién le llegan las alertas cuando el cuidado es compartido (HU-25). Cuánto dura la sesión abierta en el celular (HU-02). Si los avisos a la hora del remedio son factibles en la app web (HU-37).
B29: Pestaña Épicas | C29: Agrupa las historias por épica con su propósito, objetivos de la Fase 1 y responsable. Los conteos y puntos son fórmulas: se actualizan solos al editar las columnas Épica, Prioridad, Puntos, Responsable o Tipo / estado de la pestaña Historias de Usuario.
B30: Fuente | C30: Product Backlog v2 de CuidaTrack (1 de octubre de 2026), elaborado por Bastián Ñiripil y Luis Pérez.

Sheet Ejemplo
