Workbook

Sheet Product Backlog
B1: Product Backlog priorizado
B2: Proyecto CuidaTrack · versión 3 · 8 de octubre de 2026. Una sola lista ordenada: la fila 1 es lo primero que se construye. Criterios y parámetros en la pestaña Resumen y criterios.
B4: Orden | C4: ID | D4: Título | E4: Historia de usuario | F4: Épica | G4: Prioridad (MoSCoW) | H4: Puntos | I4: Puntos acumulados | J4: Sprint estimado | K4: Depende de | L4: Responsable de desarrollo | M4: Objetivo Fase 1 | N4: Tipo / estado | O4: Avance | P4: Por qué va en este lugar
B5: 1 | C5: HU-01 | D5: Crear cuentas de profesionales | E5: Como administrador/a del centro asistencial, quiero crear las cuentas de los profesionales de salud de mi centro e indicar su especialidad, para que solo el personal autorizado del centro vea la información de los pacientes. | F5: E1 Acceso y roles | G5: Must | H5: 3 | I5: =IF(H5="","",SUM(H$5:H5)) -> 3 | J5: =IF(I5="","—",IF(I5>'Resumen y criterios'!$D$6*'Resumen y criterios'!$D$7,"Sobre la capacidad","Sprint "&ROUNDUP(I5/'Resumen y criterios'!$D$6,0)&" (semana del "&DAY('Resumen y criterios'!$D$8+7*(ROUNDUP(I5/'Resumen y criterios'!$D$6,0)-1))&"/"&MONTH('Resumen y criterios'!$D$8+7*(ROUNDUP(I5/'Resumen y criterios'!$D$6,0)-1))&")")) -> Sprint 1 (semana del 12/10) | K5: — | L5: Bastián Ñiripil | M5: OE6 | N5: En backlog | O5: Por hacer | P5: Punto de partida: sin cuentas del personal no hay acceso ni datos.
B6: 2 | C6: HU-02 | D6: Ingresar y recuperar la contraseña | E6: Como usuario/a de la plataforma (profesional de salud o cuidador/a), quiero entrar con mi correo y contraseña, y recuperarla si la olvido, para acceder a la información de mis pacientes cuando la necesito, sin depender de otra persona. | F6: E1 Acceso y roles | G6: Must | H6: 3 | I6: =IF(H6="","",SUM(H$5:H6)) -> 6 | J6: =IF(I6="","—",IF(I6>'Resumen y criterios'!$D$6*'Resumen y criterios'!$D$7,"Sobre la capacidad","Sprint "&ROUNDUP(I6/'Resumen y criterios'!$D$6,0)&" (semana del "&DAY('Resumen y criterios'!$D$8+7*(ROUNDUP(I6/'Resumen y criterios'!$D$6,0)-1))&"/"&MONTH('Resumen y criterios'!$D$8+7*(ROUNDUP(I6/'Resumen y criterios'!$D$6,0)-1))&")")) -> Sprint 1 (semana del 12/10) | K6: HU-01 | L6: Bastián Ñiripil | M6: OE6 | N6: En backlog | O6: Por hacer | P6: Todos los roles la necesitan para usar la plataforma.
B7: 3 | C7: HU-08 | D7: Registrar paciente dependiente | E7: Como profesional de salud del centro, quiero registrar a un paciente dependiente con sus datos básicos, su nivel de dependencia y su especialidad tratante, para comenzar su seguimiento entre controles. | F7: E2 Pacientes y planes de cuidado | G7: Must | H7: 3 | I7: =IF(H7="","",SUM(H$5:H7)) -> 9 | J7: =IF(I7="","—",IF(I7>'Resumen y criterios'!$D$6*'Resumen y criterios'!$D$7,"Sobre la capacidad","Sprint "&ROUNDUP(I7/'Resumen y criterios'!$D$6,0)&" (semana del "&DAY('Resumen y criterios'!$D$8+7*(ROUNDUP(I7/'Resumen y criterios'!$D$6,0)-1))&"/"&MONTH('Resumen y criterios'!$D$8+7*(ROUNDUP(I7/'Resumen y criterios'!$D$6,0)-1))&")")) -> Sprint 1 (semana del 12/10) | K7: HU-02 | L7: Bastián Ñiripil | M7: OE1 | N7: En backlog | O7: Por hacer | P7: El paciente es el centro: todo lo demás se registra sobre él.
B8: 4 | C8: HU-11 | D8: Consentimiento del paciente o su representante | E8: Como profesional de salud del centro, quiero registrar el consentimiento del paciente o de su representante legal antes de iniciar el seguimiento, para cumplir la normativa y respaldar el uso de sus datos de salud. | F8: E2 Pacientes y planes de cuidado | G8: Must | H8: 2 | I8: =IF(H8="","",SUM(H$5:H8)) -> 11 | J8: =IF(I8="","—",IF(I8>'Resumen y criterios'!$D$6*'Resumen y criterios'!$D$7,"Sobre la capacidad","Sprint "&ROUNDUP(I8/'Resumen y criterios'!$D$6,0)&" (semana del "&DAY('Resumen y criterios'!$D$8+7*(ROUNDUP(I8/'Resumen y criterios'!$D$6,0)-1))&"/"&MONTH('Resumen y criterios'!$D$8+7*(ROUNDUP(I8/'Resumen y criterios'!$D$6,0)-1))&")")) -> Sprint 1 (semana del 12/10) | K8: HU-08 | L8: Bastián Ñiripil | M8: OE6 | N8: En backlog | O8: Por hacer | P8: Requisito legal antes de recibir datos de salud (Leyes 20.584 y 21.719).
B9: 5 | C9: HU-10 | D9: Plantillas de plan de cuidado por especialidad | E9: Como administrador/a del centro asistencial, quiero crear y editar plantillas de plan de cuidado por especialidad, indicando qué registrar, cada cuánto y con qué umbrales de alerta, para incorporar nuevas especialidades sin depender del equipo que desarrolló la plataforma. | F9: E2 Pacientes y planes de cuidado | G9: Must | H9: 5 | I9: =IF(H9="","",SUM(H$5:H9)) -> 16 | J9: =IF(I9="","—",IF(I9>'Resumen y criterios'!$D$6*'Resumen y criterios'!$D$7,"Sobre la capacidad","Sprint "&ROUNDUP(I9/'Resumen y criterios'!$D$6,0)&" (semana del "&DAY('Resumen y criterios'!$D$8+7*(ROUNDUP(I9/'Resumen y criterios'!$D$6,0)-1))&"/"&MONTH('Resumen y criterios'!$D$8+7*(ROUNDUP(I9/'Resumen y criterios'!$D$6,0)-1))&")")) -> Sprint 1 (semana del 12/10) | K9: HU-01 | L9: Bastián Ñiripil | M9: OE6 | N9: En backlog | O9: Por hacer | P9: Define qué registrar y con qué umbrales; base de las alertas y de la escalabilidad por especialidad.
B10: 6 | C10: HU-09 | D10: Asignar plan de cuidado al paciente | E10: Como profesional de salud del centro, quiero asignar a cada paciente un plan de cuidado de su especialidad y ajustar sus umbrales si su caso lo requiere, para recibir justo la información que necesito para controlarlo. | F10: E2 Pacientes y planes de cuidado | G10: Must | H10: 5 | I10: =IF(H10="","",SUM(H$5:H10)) -> 21 | J10: =IF(I10="","—",IF(I10>'Resumen y criterios'!$D$6*'Resumen y criterios'!$D$7,"Sobre la capacidad","Sprint "&ROUNDUP(I10/'Resumen y criterios'!$D$6,0)&" (semana del "&DAY('Resumen y criterios'!$D$8+7*(ROUNDUP(I10/'Resumen y criterios'!$D$6,0)-1))&"/"&MONTH('Resumen y criterios'!$D$8+7*(ROUNDUP(I10/'Resumen y criterios'!$D$6,0)-1))&")")) -> Sprint 2 (semana del 19/10) | K10: HU-08, HU-10 | L10: Bastián Ñiripil | M10: OE3 | N10: En backlog | O10: Por hacer | P10: Sin plan asignado el cuidador no sabe qué registrar ni hay umbrales para alertar.
B11: 7 | C11: HU-12 | D11: Medicamentos indicados | E11: Como profesional de salud del centro, quiero registrar los medicamentos indicados al paciente con su dosis y horario, para que el cuidador sepa qué administrar y yo pueda ver si el tratamiento se cumple. | F11: E2 Pacientes y planes de cuidado | G11: Must | H11: 3 | I11: =IF(H11="","",SUM(H$5:H11)) -> 24 | J11: =IF(I11="","—",IF(I11>'Resumen y criterios'!$D$6*'Resumen y criterios'!$D$7,"Sobre la capacidad","Sprint "&ROUNDUP(I11/'Resumen y criterios'!$D$6,0)&" (semana del "&DAY('Resumen y criterios'!$D$8+7*(ROUNDUP(I11/'Resumen y criterios'!$D$6,0)-1))&"/"&MONTH('Resumen y criterios'!$D$8+7*(ROUNDUP(I11/'Resumen y criterios'!$D$6,0)-1))&")")) -> Sprint 2 (semana del 19/10) | K11: HU-08 | L11: Bastián Ñiripil | M11: OE1 | N11: En backlog | O11: Por hacer | P11: Genera las dosis esperadas que se usan para detectar omisiones.
B12: 8 | C12: HU-04 | D12: Asignar cuidador principal | E12: Como profesional de salud del centro, quiero asignar un cuidador principal a cada paciente, invitándolo a la plataforma, para tener una persona responsable de informar lo que pasa con el paciente fuera del centro. | F12: E1 Acceso y roles | G12: Must | H12: 3 | I12: =IF(H12="","",SUM(H$5:H12)) -> 27 | J12: =IF(I12="","—",IF(I12>'Resumen y criterios'!$D$6*'Resumen y criterios'!$D$7,"Sobre la capacidad","Sprint "&ROUNDUP(I12/'Resumen y criterios'!$D$6,0)&" (semana del "&DAY('Resumen y criterios'!$D$8+7*(ROUNDUP(I12/'Resumen y criterios'!$D$6,0)-1))&"/"&MONTH('Resumen y criterios'!$D$8+7*(ROUNDUP(I12/'Resumen y criterios'!$D$6,0)-1))&")")) -> Sprint 2 (semana del 19/10) | K12: HU-09, HU-11 | L12: Bastián Ñiripil | M12: OE2 | N12: En backlog | O12: Por hacer | P12: Habilita el registro desde el entorno del paciente; requiere consentimiento y plan.
B13: 9 | C13: HU-24 | D13: Panel de pacientes del centro | E13: Como profesional de salud del centro, quiero ver un panel con todos mis pacientes dependientes, su especialidad, su nivel de riesgo, sus alertas abiertas y su próximo control, para saber de un vistazo cómo están mis pacientes. | F13: E4 Panel del centro y ficha de seguimiento | G13: Must | H13: 5 | I13: =IF(H13="","",SUM(H$5:H13)) -> 32 | J13: =IF(I13="","—",IF(I13>'Resumen y criterios'!$D$6*'Resumen y criterios'!$D$7,"Sobre la capacidad","Sprint "&ROUNDUP(I13/'Resumen y criterios'!$D$6,0)&" (semana del "&DAY('Resumen y criterios'!$D$8+7*(ROUNDUP(I13/'Resumen y criterios'!$D$6,0)-1))&"/"&MONTH('Resumen y criterios'!$D$8+7*(ROUNDUP(I13/'Resumen y criterios'!$D$6,0)-1))&")")) -> Sprint 2 (semana del 19/10) | K13: HU-08 | L13: Luis Pérez | M13: OE1 | N13: En backlog | O13: Por hacer | P13: Pantalla principal del profesional; Luis puede avanzarla en paralelo al registro.
B14: 10 | C14: HU-16 | D14: Ver qué registrar hoy | E14: Como cuidador/a, quiero ver al abrir la aplicación qué debo registrar hoy del paciente, para no olvidar ningún control ni medicamento que me pidió el equipo de salud. | F14: E3 Registro del cuidador | G14: Must | H14: 3 | I14: =IF(H14="","",SUM(H$5:H14)) -> 35 | J14: =IF(I14="","—",IF(I14>'Resumen y criterios'!$D$6*'Resumen y criterios'!$D$7,"Sobre la capacidad","Sprint "&ROUNDUP(I14/'Resumen y criterios'!$D$6,0)&" (semana del "&DAY('Resumen y criterios'!$D$8+7*(ROUNDUP(I14/'Resumen y criterios'!$D$6,0)-1))&"/"&MONTH('Resumen y criterios'!$D$8+7*(ROUNDUP(I14/'Resumen y criterios'!$D$6,0)-1))&")")) -> Sprint 2 (semana del 19/10) | K14: HU-04, HU-09, HU-12 | L14: Bastián Ñiripil | M14: OE2 | N14: En backlog | O14: Por hacer | P14: Pantalla de inicio del cuidador; guía todos sus registros.
B15: 11 | C15: HU-17 | D15: Registrar signos en pocos toques | E15: Como cuidador/a, quiero registrar signos como la presión, la glicemia, el peso o la saturación en pocos toques, para cumplir lo que me pidió el equipo de salud sin perder tiempo. | F15: E3 Registro del cuidador | G15: Must | H15: 5 | I15: =IF(H15="","",SUM(H$5:H15)) -> 40 | J15: =IF(I15="","—",IF(I15>'Resumen y criterios'!$D$6*'Resumen y criterios'!$D$7,"Sobre la capacidad","Sprint "&ROUNDUP(I15/'Resumen y criterios'!$D$6,0)&" (semana del "&DAY('Resumen y criterios'!$D$8+7*(ROUNDUP(I15/'Resumen y criterios'!$D$6,0)-1))&"/"&MONTH('Resumen y criterios'!$D$8+7*(ROUNDUP(I15/'Resumen y criterios'!$D$6,0)-1))&")")) -> Sprint 3 (semana del 26/10) | K15: HU-16 | L15: Bastián Ñiripil | M15: OE2 | N15: En backlog | O15: Por hacer | P15: Registro más frecuente; se mide con él la meta de menos de 1 minuto (OE2).
B16: 12 | C16: HU-18 | D16: Marcar medicamentos dados u omitidos | E16: Como cuidador/a, quiero marcar cada medicamento como administrado u omitido, indicando el motivo si no se dio, para que el equipo de salud sepa si el tratamiento se está cumpliendo. | F16: E3 Registro del cuidador | G16: Must | H16: 3 | I16: =IF(H16="","",SUM(H$5:H16)) -> 43 | J16: =IF(I16="","—",IF(I16>'Resumen y criterios'!$D$6*'Resumen y criterios'!$D$7,"Sobre la capacidad","Sprint "&ROUNDUP(I16/'Resumen y criterios'!$D$6,0)&" (semana del "&DAY('Resumen y criterios'!$D$8+7*(ROUNDUP(I16/'Resumen y criterios'!$D$6,0)-1))&"/"&MONTH('Resumen y criterios'!$D$8+7*(ROUNDUP(I16/'Resumen y criterios'!$D$6,0)-1))&")")) -> Sprint 3 (semana del 26/10) | K16: HU-12, HU-16 | L16: Bastián Ñiripil | M16: OE2 | N16: En backlog | O16: Por hacer | P16: Alimenta las alertas por dosis omitidas y el nivel de riesgo.
... B53: 49 | C53: HU-23 | D53: Recordatorios en el celular | E53: Como cuidador/a, quiero recibir un recordatorio en el celular cuando toca registrar algo o dar un medicamento, para no depender de mi memoria en un día con mucho trabajo. | F53: E3 Registro del cuidador | G53: Could | H53: 5 | I53: =IF(H53="","",SUM(H$5:H53)) -> 158 | J53: =IF(I53="","—",IF(I53>'Resumen y criterios'!$D$6*'Resumen y criterios'!$D$7,"Sobre la capacidad","Sprint "&ROUNDUP(I53/'Resumen y criterios'!$D$6,0)&" (semana del "&DAY('Resumen y criterios'!$D$8+7*(ROUNDUP(I53/'Resumen y criterios'!$D$6,0)-1))&"/"&MONTH('Resumen y criterios'!$D$8+7*(ROUNDUP(I53/'Resumen y criterios'!$D$6,0)-1))&")")) -> Sobre la capacidad | K53: HU-16 | L53: Luis Pérez | M53: OE2 | N53: En backlog | O53: Por hacer | P53: Alto esfuerzo y factibilidad técnica por confirmar en la aplicación web.
B54: 50 | C54: HU-50 | D54: Integración con la ficha clínica del centro | E54: Como profesional de salud del centro, quiero que la ficha de seguimiento se integre automáticamente con la ficha clínica del centro, para no tener que revisar dos sistemas. | F54: — | G54: Won't | I54: =IF(H54="","",SUM(H$5:H54)) | J54: =IF(I54="","—",IF(I54>'Resumen y criterios'!$D$6*'Resumen y criterios'!$D$7,"Sobre la capacidad","Sprint "&ROUNDUP(I54/'Resumen y criterios'!$D$6,0)&" (semana del "&DAY('Resumen y criterios'!$D$8+7*(ROUNDUP(I54/'Resumen y criterios'!$D$6,0)-1))&"/"&MONTH('Resumen y criterios'!$D$8+7*(ROUNDUP(I54/'Resumen y criterios'!$D$6,0)-1))&")")) -> — | K54: — | L54: — | M54: — | N54: Fuera del MVP | O54: — | P54: Fuera del MVP: requiere acceso a sistemas reales de un centro.
B55: 51 | C55: HU-51 | D55: Mediciones desde equipos conectados | E55: Como cuidador/a, quiero que los valores lleguen directo desde el tensiómetro o el glucómetro, sin escribirlos, para registrar aún más rápido y sin errores de digitación. | F55: — | G55: Won't | I55: =IF(H55="","",SUM(H$5:H55)) | J55: =IF(I55="","—",IF(I55>'Resumen y criterios'!$D$6*'Resumen y criterios'!$D$7,"Sobre la capacidad","Sprint "&ROUNDUP(I55/'Resumen y criterios'!$D$6,0)&" (semana del "&DAY('Resumen y criterios'!$D$8+7*(ROUNDUP(I55/'Resumen y criterios'!$D$6,0)-1))&"/"&MONTH('Resumen y criterios'!$D$8+7*(ROUNDUP(I55/'Resumen y criterios'!$D$6,0)-1))&")")) -> — | K55: — | L55: — | M55: — | N55: Fuera del MVP | O55: — | P55: Fuera del MVP: requiere equipos de medición e integración.

Sheet Resumen y criterios
B1: Product Backlog: resumen y criterios
B2: Proyecto CuidaTrack · versión 3 · 8 de octubre de 2026
B4: Parámetros (edita solo las celdas amarillas)
B5: Parámetro | D5: Valor | E5: Origen del dato
B6: Velocidad estimada (puntos por sprint, entre ambos) | D6: 18 | E6: Supuesto inicial, sin datos reales. Reemplazar por la velocidad medida al cerrar el primer sprint.
B7: Sprints de desarrollo | D7: 4 | E7: Carta Gantt: desarrollo del 12 de octubre al 8 de noviembre, en sprints semanales. La semana del 9 al 15 de noviembre queda para pruebas y cierre.
B8: Fecha de inicio del Sprint 1 | D8: 46307 | E8: Carta Gantt: el desarrollo comienza el lunes 12 de octubre.
B10: Alcance por prioridad
B11: Prioridad | C11: Historias | D11: Puntos | E11: Puntos acumulados | F11: Qué significa
B12: Must | C12: =COUNTIF('Product Backlog'!$G$5:$G$55,$B12) -> 27 | D12: =SUMIFS('Product Backlog'!$H$5:$H$55,'Product Backlog'!$G$5:$G$55,$B12) -> 97 | E12: =SUM(D$12:D12) -> 97 | F12: Sin esto no hay MVP.
B13: Should | C13: =COUNTIF('Product Backlog'!$G$5:$G$55,$B13) -> 17 | D13: =SUMIFS('Product Backlog'!$H$5:$H$55,'Product Backlog'!$G$5:$G$55,$B13) -> 43 | E13: =SUM(D$12:D13) -> 140 | F13: Importante; entra si hay capacidad.
B14: Could | C14: =COUNTIF('Product Backlog'!$G$5:$G$55,$B14) -> 5 | D14: =SUMIFS('Product Backlog'!$H$5:$H$55,'Product Backlog'!$G$5:$G$55,$B14) -> 18 | E14: =SUM(D$12:D14) -> 158 | F14: Deseable.
B15: Won't | C15: =COUNTIF('Product Backlog'!$G$5:$G$55,$B15) -> 2 | D15: =SUMIFS('Product Backlog'!$H$5:$H$55,'Product Backlog'!$G$5:$G$55,$B15) -> 0 | E15: =SUM(D$12:D15) -> 158 | F15: Fuera de esta versión; no se estima.
B16: Total | C16: =SUM(C12:C15) -> 51 | D16: =SUM(D12:D15) -> 158 | E16: —
B18: Capacidad frente al alcance
B19: Indicador | D19: Puntos | E19: Lectura
B20: Capacidad total (velocidad × sprints) | D20: =D6*D7 -> 72 | E20: ="Puntos que el equipo puede terminar en "&D7&" sprints a "&D6&" puntos por sprint." -> Puntos que el equipo puede terminar en 4 sprints a 18 puntos por sprint.
B21: Puntos del backlog | D21: =D16 -> 158 | E21: ="Suma de las "&(C16-C15)&" historias estimadas (sin las Won't)." -> Suma de las 49 historias estimadas (sin las Won't).
B22: Puntos Must | D22: =D12 -> 97 | E22: =IF(D22<=D20,"Los Must caben: ocupan "&TEXT(D22/D20,"0%")&" de la capacidad.","Los Must NO caben: faltan "&(D22-D20)&" puntos. Hay que simplificar historias Must o confirmar una velocidad mayor (ver Puntos por decidir).") -> Los Must NO caben: faltan 25 puntos. Hay que simplificar historias Must o confirmar una velocidad mayor (ver Puntos por decidir).
B23: Holgura (capacidad − puntos del backlog) | D23: =D20-D21 -> -86 | E23: =IF(D23>=0,"Todo el backlog cabe, con "&D23&" puntos de holgura.","Faltan "&-D23&" puntos de capacidad: las últimas filas del backlog quedan fuera.") -> Faltan 86 puntos de capacidad: las últimas filas del backlog quedan fuera.
B25: Carga por responsable de desarrollo
B26: Responsable | C26: Puntos Must | D26: Puntos Should | E26: Puntos Could | F26: Total
B27: Bastián Ñiripil | C27: =SUMIFS('Product Backlog'!$H$5:$H$55,'Product Backlog'!$L$5:$L$55,$B27,'Product Backlog'!$G$5:$G$55,"Must") -> 53 | D27: =SUMIFS('Product Backlog'!$H$5:$H$55,'Product Backlog'!$L$5:$L$55,$B27,'Product Backlog'!$G$5:$G$55,"Should") -> 23 | E27: =SUMIFS('Product Backlog'!$H$5:$H$55,'Product Backlog'!$L$5:$L$55,$B27,'Product Backlog'!$G$5:$G$55,"Could") -> 5 | F27: =SUM(C27:E27) -> 81
B28: Luis Pérez | C28: =SUMIFS('Product Backlog'!$H$5:$H$55,'Product Backlog'!$L$5:$L$55,$B28,'Product Backlog'!$G$5:$G$55,"Must") -> 44 | D28: =SUMIFS('Product Backlog'!$H$5:$H$55,'Product Backlog'!$L$5:$L$55,$B28,'Product Backlog'!$G$5:$G$55,"Should") -> 20 | E28: =SUMIFS('Product Backlog'!$H$5:$H$55,'Product Backlog'!$L$5:$L$55,$B28,'Product Backlog'!$G$5:$G$55,"Could") -> 13 | F28: =SUM(C28:E28) -> 77
B29: Total | C29: =SUM(C27:C28) -> 97 | D29: =SUM(D27:D28) -> 43 | E29: =SUM(E27:E28) -> 18 | F29: =SUM(F27:F28) -> 158
B31: Criterios de priorización
B32: Criterio | C32: Cómo se aplica
B33: 1. Prioridad MoSCoW | C33: Primero todas las Must, luego las Should, las Could y al final las Won't. Ninguna historia va antes que otra de mayor prioridad.
B34: 2. Dependencias | C34: Una historia nunca va antes que las que necesita para funcionar (columna Depende de). Ninguna depende de una historia de menor prioridad.
B35: 3. Objetivos de la Fase 1 | C35: Dentro de las Must van primero las historias con las que se mide cada objetivo específico (OE1 a OE6), siguiendo el flujo: cuentas y pacientes, planes de cuidado, registro del cuidador, ficha, alertas, controles, nivel de riesgo y seguridad.
B36: 4. Orden de la Carta Gantt | C36: El orden respeta los bloques de la Fase 1: registro del cuidador y portal del centro (12 al 25 de octubre), planes de cuidado y gestión de controles, alertas, nivel de riesgo y seguridad, y despliegue con Docker (hasta el 8 de noviembre).
B37: 5. Esfuerzo e incertidumbre | C37: A igual valor va primero la historia de menos puntos. Las historias costosas o con factibilidad por confirmar (HU-15 y HU-23) quedan al final de su grupo.
B39: Puntos por decidir
B40: Tema | C40: Detalle
B41: Alcance y capacidad | C41: Los Must (97 puntos) superan la capacidad de 4 sprints a 18 puntos (72 puntos). Con este orden, la línea de capacidad cae después de HU-34: HU-43 (adelantar controles) y HU-47 (Docker) son necesarias para medir el OE5 y el OE6 y hoy quedan fuera. Decidir en la primera planificación.
B42: Opciones para que quepan los Must | C42: Medir la velocidad real en el primer sprint (dos personas en paralelo pueden superar los 18 puntos). Simplificar: cargar las plantillas de HU-10 desde un archivo de configuración en lugar de una pantalla de edición; bajar HU-26 (gráficos) a Should; unir HU-38 y HU-39 con HU-37.
B43: HU-23 y HU-05 | C43: HU-23: validar si los recordatorios en el celular son factibles en la aplicación web antes de comprometerla. HU-05 y HU-06 (cuidadores secundarios) son Should; subirlas a Must suma 5 puntos.
B44: Reparto de la carga | C44: Ver la tabla de carga por responsable. Bastián concentra las primeras historias (cuentas, pacientes y planes); Luis puede avanzar el panel (HU-24) y la agenda de controles (HU-41) en paralelo.
B45: Velocidad | C45: El valor inicial es un supuesto. Medirla al cierre del primer sprint y actualizar la celda amarilla.
